<beans xmlns = "http://www.springframework.org/schema/beans"
   xmlns:context = "http://www.springframework.org/schema/context"
    xmlns:mvc="http://www.springframework.org/schema/mvc"  
   xmlns:xsi = "http://www.w3.org/2001/XMLSchema-instance"
   xsi:schemaLocation = "http://www.springframework.org/schema/beans     
   http://www.springframework.org/schema/beans/spring-beans-3.0.xsd
   http://www.springframework.org/schema/context 
   http://www.springframework.org/schema/context/spring-context-3.0.xsd
    http://www.springframework.org/schema/mvc  
    http://www.springframework.org/schema/mvc/spring-mvc.xsd">


<!-- <context:annotation-config /> -->
   <context:component-scan base-package = "co.ct.controller" />
	 
 <mvc:annotation-driven> </mvc:annotation-driven> 
      
   <bean class = "org.springframework.web.servlet.view.InternalResourceViewResolver">
      <property name = "prefix" value = "/WEB-INF/" />
      <property name = "suffix" value = ".jsp" />
   </bean>
   
    <bean id="multipartResolver"   
class="org.springframework.web.multipart.commons.CommonsMultipartResolver"/>  
   

<mvc:resources mapping="/resources/**" location="/resources/" />
</beans>